"wd16cd","wd16nm","lad16nm","2011_no2_total","2015_no2_total","2020_no2_total","2025_no2_total","2030_no2_total","2011_pm25_total","2011_pm25_secondary","2011_pm25_residual_salt","2015_pm25_total","2015_pm25_secondary","2015_pm25_residual_salt","2020_pm25_total","2020_pm25_secondary","2020_pm25_residual_salt","2025_pm25_total","2025_pm25_secondary","2025_pm25_residual_salt","2030_pm25_total","2030_pm25_secondary","2030_pm25_residual_salt"
"E05001236","Amblecote","Dudley",20.7141731772575,16.4498803010033,13.5779908361204,11.3865711705686,10.2169094314381,11.7832055852843,4.96344697993311,4.44299030769231,9.33906777591973,3.79293802675585,3.37792871906355,8.79241171571906,3.44863014381271,3.33064109364549,8.59709801672241,3.28179194648829,3.32890592307692,8.53722527424749,3.18353735117057,3.33791726086957
"E05001237","Belle Vale","Dudley",22.0512562153846,18.1981112615385,14.8513792307692,12.3761805846154,11.0481554676923,12.1166585846154,5.06594295076923,4.51522861538462,9.69809911692308,3.84844193846154,3.44593676615385,9.11306793538462,3.49743538153846,3.39864877230769,8.91001686769231,3.32731426461538,3.39691370461538,8.85041449230769,3.22763638153846,3.40592507384615
"E05001238","Brierley Hill","Dudley",22.3434119212963,17.805163287037,14.8256322685185,12.5186203518519,11.3019414097222,12.1966151388889,4.96629168287037,4.46598390277778,9.69426084027778,3.79585987037037,3.42878330787037,9.11724594907407,3.45118923148148,3.38149553240741,8.91544247453704,3.28417298148148,3.37976053703704,8.85763655555556,3.18584469212963,3.38877180092593
"E05001239","Brockmoor and Pensnett","Dudley",21.9894930228137,16.8954647148289,14.1931430418251,12.2011284220532,11.1316119714829,12.7612006463878,4.97008540494297,4.39376676045627,9.97892230988593,3.79943024334601,3.34029904562738,9.44128892205323,3.45431638593156,3.29301130608365,9.27439922623574,3.28708264638783,3.29127617490494,9.24162323764259,3.18866437642586,3.3002875513308
"E05001240","Castle and Priory","Dudley",24.3108567706013,19.3674582628062,16.1140946993319,13.499206013363,12.0906376614699,12.6754206681514,4.97970002227172,4.56392408240534,10.0375551180401,3.81530546547884,3.48674923830735,9.45470505567929,3.46818719599109,3.43946130066815,9.25672455902004,3.29996925835189,3.43772619153675,9.20324673051225,3.20115531180401,3.44673755233853
"E05001241","Coseley East","Dudley",25.0086395356037,20.1856365634675,16.9924081424149,14.4633588544892,13.0305079659443,12.6121932817337,4.97417881733746,4.53155769040248,10.204787873065,3.8115200619195,3.44401975232198,9.60127999380805,3.46486051083591,3.39673208359133,9.40882465634675,3.29686743343653,3.39499673065015,9.35895014860681,3.19815026934985,3.40400808668731
"E05001242","Cradley and Wollescote","Dudley",20.6276570983213,16.6035398081535,13.3153966426859,11.2471907529976,10.1229025515588,11.7218533333333,4.98631696642686,4.43919378896882,9.41904729976019,3.79876567625899,3.42476036930456,8.86234539088729,3.45380599760192,3.37747241726619,8.67298314148681,3.28664979616307,3.37573713189448,8.6126005971223,3.18823961151079,3.38474847721823
"E05001243","Gornal","Dudley",19.1154320726496,14.4068802350427,12.0757526282051,10.2363609081197,9.22900662820513,11.8945261752137,4.9694095982906,4.34490164529914,9.29331775854701,3.80737462393162,3.29540235897436,8.80327602350427,3.46122660683761,3.24811464316239,8.63103525854701,3.29348439316239,3.24637922435897,8.58068479487179,3.19487200854701,3.25539066666667
"E05001244","Halesowen North","Dudley",25.8120961083744,21.3295537192118,17.3102671921182,14.4776390640394,12.9768405172414,13.0859280541872,5.06384365024631,4.79537151477833,10.6392241650246,3.85878057635468,3.77200216009852,10.0120762167488,3.50645634975369,3.72471416009852,9.81177964285714,3.33568809852217,3.72297916009852,9.76335430788177,3.23575413300493,3.7319905
"E05001245","Halesowen South","Dudley",22.2588547543353,18.3861842196532,14.9507882225434,12.1400366069364,10.6286710433526,12.3546866184971,5.072143,4.87753134248555,10.015536517341,3.851683,4.00641109248555,9.43289832514451,3.500285,3.95912316184971,9.22827458092486,3.329972,3.95738809248555,9.16504998988439,3.230211,3.96639920231214
"E05001246","Hayley Green and Cradley South","Dudley",17.7517118777293,14.2505079475983,11.665509628821,9.66760093013101,8.58229583406114,11.200551419214,5.02434671179039,4.41584759170306,9.01421963100437,3.82097745414847,3.43490445633188,8.49433711135371,3.47332334061135,3.3876164650655,8.2987140349345,3.30484623580786,3.38588112445415,8.22734873144105,3.20586807423581,3.39489268340611
"E05001247","Kingswinford North and Wall Heath","Dudley",18.5809156900726,13.8485124213075,11.6491155690073,9.91190543341404,8.94675933656174,11.5867205326877,4.89485107748184,4.38860552542373,9.06019181113802,3.7492985157385,3.42430569975787,8.57335914769976,3.41027805569007,3.3770177094431,8.4035318716707,3.2460318401937,3.37528260048426,8.34992010895884,3.14889266101695,3.3842939031477
"E05001248","Kingswinford South","Dudley",18.1945032344214,13.8892973293769,11.5995522136499,9.78249945697329,8.82052094362018,11.7498655489614,4.9087895074184,4.37155678338279,9.17231027596439,3.75658879228487,3.34257047774481,8.6818245578635,3.41670573590504,3.29528251335312,8.50801963501484,3.252037,3.2935474925816,8.45794682195846,3.15470927893175,3.30255927299703
"E05001249","Lye and Stourbridge North","Dudley",22.5319668838527,18.6188072521246,14.8223457790368,12.5065525779037,11.2561351614731,12.0484628045326,4.98575731728045,4.47211658923513,9.58884243909348,3.7991677082153,3.39620819546742,9.00025474787535,3.45415426912181,3.34892033427762,8.79987196600567,3.28697157790368,3.3471849490085,8.73796475637394,3.1885517223796,3.35619642209632
"E05001250","Netherton, Woodside and St Andrews","Dudley",25.8674686866792,20.5675311069418,17.2806575797373,15.0099686491557,13.8188807692308,13.0062691744841,4.98744600187617,4.48710057973734,10.3401421275797,3.81036931707317,3.42224979362101,9.72124533208255,3.46392946153846,3.37496179362101,9.5203165065666,3.29604575234522,3.37322683302064,9.46543878424015,3.19734779362101,3.38223825703565
"E05001251","Norton","Dudley",15.1539159929701,11.8566817486819,9.81809814938489,8.22986996309315,7.34544482073814,10.6271029173989,4.92326763796134,4.31097521441125,8.59340697363796,3.75630639718805,3.37988269068541,8.12212433567663,3.41653530931459,3.33259478910369,7.93675208435852,3.25192365905097,3.3308593831283,7.86217721968366,3.15459479613357,3.33987091915641
"E05001252","Pedmore and Stourbridge East","Dudley",17.8618104319654,14.3367513390929,11.6914544924406,9.69681494384449,8.58718005183585,11.1039284881209,4.987948,4.36195418358531,8.81497674298056,3.797594,3.33133699784017,8.30719795896328,3.452791,3.28404919654428,8.11808048596112,3.285712,3.28231410151188,8.04931847732181,3.18733,3.29132561771058
"E05001253","Quarry Bank and Dudley Wood","Dudley",23.7255117714286,19.0045634,15.5278262285714,13.2345988857143,12.0071668571429,12.3948167428571,4.9820346,4.47242588857143,9.91496324,3.80648550857143,3.40267566,9.31303611142857,3.46052025714286,3.35538766,9.11638256571429,3.29286925714286,3.35365228571429,9.06366785142857,3.19427013714286,3.36266382
"E05001254","St James's","Dudley",23.7061473255814,18.7173356395349,15.5826765988372,13.1056320639535,11.7925456686047,12.6843210465116,4.9726718372093,4.48844596511628,9.90373293313954,3.80679179069767,3.41966100581395,9.33184998255814,3.46073702325581,3.3723730377907,9.13836601162791,3.293041,3.37063768604651,9.0875143372093,3.1944406744186,3.37964915988372
"E05001255","St Thomas's","Dudley",27.1720676576577,21.9942196096096,18.3978115015015,15.7408647447447,14.329274024024,13.3848196096096,5.01986565165165,4.6049714954955,10.8687757957958,3.83599843243243,3.55812915315315,10.2362021591592,3.48641244444444,3.51084132732733,10.0350992402402,3.31698589489489,3.50910606906907,9.98757688888889,3.2176376996997,3.51811745645646
"E05001256","Sedgley","Dudley",18.8786035449735,14.8337708994709,12.3996724074074,10.3773892698413,9.27329171428571,11.6405635185185,4.9689987962963,4.40157992592593,9.43637073544974,3.80802525925926,3.3351797037037,8.93461145502645,3.46178853703704,3.2878917037037,8.75103784656085,3.29400272222222,3.28615660582011,8.69334286507936,3.195375,3.29516788359788
"E05001257","Upper Gornal and Woodsetton","Dudley",21.5011954545455,16.8884094242424,14.0931550909091,11.7792988333333,10.520549330303,12.0448968787879,4.969795,4.47091057575758,9.58382419090909,3.808001,3.37116258787879,9.04099027272727,3.461774,3.3238745969697,8.84583513636364,3.293993,3.32213955151515,8.78712665454545,3.195365,3.33115077575758
"E05001258","Wollaston and Stourbridge Town","Dudley",18.9102495221843,14.8567746075085,12.3133660409556,10.2577684880546,9.15777164846416,11.3441669624573,4.91468823208191,4.38566503412969,9.04056826279863,3.75358866894198,3.34934236177474,8.51926452559727,3.41412507508532,3.30205466894198,8.32459927645051,3.24966352901024,3.30031966894198,8.26004667918089,3.1524064778157,3.30933075767918
"E05001259","Wordsley","Dudley",18.6520922945205,14.4576389383562,12.1003719520548,10.1895852328767,9.1770691130137,11.4310660616438,4.91263060616438,4.37530991438356,9.1744098630137,3.75921206849315,3.32924582191781,8.66362287328767,3.41900920547945,3.28195782876712,8.46715734931507,3.25418365753425,3.28022252054794,8.39976571917808,3.15678909931507,3.28923416438356
"E05001260","Abbey","Sandwell",25.4202176190476,20.942580952381,17.2306380952381,14.0834590952381,12.4013034285714,12.8230651904762,5.178572,4.76115721428571,10.369415847619,3.953815,3.65670122380952,9.74495500476191,3.593542,3.606205,9.52221561428571,3.41852,3.604436,9.4665824047619,3.319035,3.61406822380952
"E05001261","Blackheath","Sandwell",26.4329199618321,22.0621315267176,17.6325588549618,14.8463225572519,13.3598047328244,13.0465826335878,5.061059,4.71104092748092,11.2695899236641,3.861162,3.65724358396947,10.610625019084,3.508527,3.60995585877863,10.4007332977099,3.337606,3.60822085877863,10.352057240458,3.237614,3.61723222137405
"E05001262","Bristnall","Sandwell",26.0821085232068,21.7564591983122,17.5854626160338,14.5501016033755,12.9367338396624,12.9373761181435,5.13493848101266,4.77402692827004,10.8420896202532,3.91941219831224,3.68543242194093,10.1969631054852,3.56197524894515,3.63612751476793,9.97710898734177,3.38847598312236,3.63437113924051,9.92168761603375,3.28880272995781,3.64377286075949
"E05001263","Charlemont with Grove Vale","Sandwell",29.8781830576441,24.2146132330827,19.7262624310777,16.0665717293233,14.1136195238095,13.9763961152882,5.16650014536341,5.27850976441103,11.4704811779449,3.96347997493734,4.22812985213033,10.786569924812,3.60194684962406,4.17763343859649,10.5564154360902,3.42630387468672,4.17586421553885,10.4995989598997,3.32658510776942,4.18549686466165
"E05001264","Cradley Heath and Old Hill","Sandwell",25.2842002962963,20.6443342222222,16.4730811851852,14.0936637283951,12.8224583703704,12.6126890123457,5.0318094691358,4.51893949382716,10.7975428197531,3.84026102962963,3.45759057777778,10.1653095925926,3.49017869876543,3.41030288395062,9.96335705679012,3.32050925925926,3.40856741728395,9.91172312345679,3.22104931111111,3.41757924444444
"E05001265","Friar Park","Sandwell",29.4448435215947,23.2576562126246,19.0888791362126,15.9023659468439,14.2272410963455,13.8253899667774,5.13679787707641,4.99293074086379,11.6780111627907,3.94866916611296,3.92229731893688,11.010950730897,3.58818554817276,3.87241906644518,10.7845222591362,3.4131253986711,3.87065651495017,10.7275659468439,3.3132386744186,3.88016970431894
"E05001266","Great Barr with Yew Tree","Sandwell",30.1086185604113,24.1156045244216,19.4018246272494,15.5844542159383,13.5571274550129,14.0033973007712,5.1666643907455,5.31888350128535,11.1090940874036,3.9721712596401,4.24113829048843,10.4305172442159,3.60953143701799,4.19064220308483,10.2037903290488,3.43334532647815,4.1888731748072,10.1486462982005,3.3334119562982,4.1985056940874
"E05001267","Great Bridge","Sandwell",29.1087865373961,23.4838086980609,19.8425470360111,17.2013272853186,15.7606904155125,13.8515705540166,5.050656,4.6677167867036,11.7137091135734,3.867632,3.61822685041551,11.0507273407202,3.514129,3.57093885041551,10.8541335180055,3.342781,3.56920391689751,10.8116726094183,3.242635,3.57821500554017
"E05001268","Greets Green and Lyng","Sandwell",32.1254175,26.5859731578947,22.4609131052632,19.5262442631579,17.9450774473684,14.5624226315789,5.07463663157895,4.83121635263158,12.2601622631579,3.88668410789474,3.83256985263158,11.5415482894737,3.53160260263158,3.78463179473684,11.3173667631579,3.35940826578947,3.78289009473684,11.2587390789474,3.25935773157895,3.79202699736842
"E05001269","Hateley Heath","Sandwell",28.8357114521452,23.5706527722772,19.8318895049505,16.9399259405941,15.3883704950495,13.8042089768977,5.14558843564356,4.77983718481848,11.6734829372937,3.9460204620462,3.69297945874587,11.0235169306931,3.58595323762376,3.64306522442244,10.8067893729373,3.41109395049505,3.64130231023102,10.7545180858086,3.31129907920792,3.65082221782178
"E05001270","Langley","Sandwell",31.5159056491228,26.0515072631579,20.7056507368421,16.9800492982456,15.0236280350877,14.3295027368421,5.061059,5.27373041403509,12.0320698596491,3.861162,4.2157499754386,11.291513754386,3.508527,4.1684621754386,11.0639169333333,3.337606,4.16672688421053,11.0172497754386,3.237614,4.17573841754386
"E05001271","Newton","Sandwell",28.6139786435331,22.854755362776,18.5735893059937,15.1248637539432,13.2705740378549,13.4888053943218,5.166642,5.02505283911672,10.7514571608833,3.963405,3.9611590851735,10.0979421545741,3.601882,3.91066277287066,9.87759236277602,3.426244,3.90889349842271,9.82122648264984,3.326527,3.9185260851735
"E05001272","Old Warley","Sandwell",26.6171366791045,22.342128880597,18.1633648880597,14.6154195149254,12.7098279104478,13.2006461940299,5.11436339179104,5.08586049626866,10.6447295895522,3.90278192164179,3.99646247761194,9.99767160447761,3.54672611567164,3.94772608955224,9.77418924253731,3.37396715671642,3.94597573880597,9.71898788432836,3.27420923507463,3.95526713059702
"E05001273","Oldbury","Sandwell",31.919124760479,25.6627112724551,21.2424391317365,18.0510106287425,16.3189302844311,14.5375952245509,5.05925126646707,4.99322093413174,12.1768251197605,3.86724852694611,3.98854230988024,11.4664702844311,3.5139404491018,3.94115831586826,11.2561933532934,3.3426780508982,3.93942201946108,11.2136085329341,3.24262238622754,3.94845189820359
"E05001274","Princes End","Sandwell",26.1764985714286,20.709703011583,17.4049875675676,14.8621533590734,13.473090965251,13.0807112355212,5.050656,4.59732054440154,11.0542797683398,3.867632,3.52316759073359,10.4412050965251,3.514129,3.47587976833977,10.2380951042471,3.342781,3.47414438223938,10.1843354903475,3.242635,3.48315603088803
"E05001275","Rowley","Sandwell",24.8987776056338,19.7841731455399,16.4725690140845,14.1065020187793,12.8164650234742,12.6995954225352,5.061059,4.51610658215962,10.8153744366197,3.861162,3.42565338497653,10.2110877816901,3.508527,3.3783653943662,10.0067808568075,3.337606,3.37662998122066,9.95132373239437,3.237614,3.38564148826291
"E05001276","St Pauls","Sandwell",33.2094931,28.350092825,22.80677875,19.2723812,17.356984475,14.7417485,5.1731512125,5.1553872775,12.482710775,3.9511556625,4.0898206375,11.688843775,3.5910628375,4.03944443,11.4753464,3.416142265,4.037676705,11.443917125,3.3166185325,4.04728589
"E05001277","Smethwick","Sandwell",26.8427910900474,22.4192016587678,18.3761921800948,15.3260762085308,13.6863461137441,13.1738190995261,5.178572,4.77060348341232,11.3295353080569,3.953815,3.65130882464455,10.6696556872038,3.593542,3.60081230805687,10.450234985782,3.41852,3.59904330805687,10.3996481421801,3.319035,3.60867582464455
"E05001278","Soho and Victoria","Sandwell",29.4179236307692,24.8617901538462,20.5644608615385,17.3585365230769,15.5836626153846,13.9325737230769,5.178572,4.82455406153846,11.4495301230769,3.953815,3.77570029230769,10.7421284369231,3.593542,3.72520406769231,10.5399805138462,3.41852,3.72343506769231,10.5039791292308,3.319035,3.73306737846154
"E05001279","Tipton Green","Sandwell",27.314530380117,22.0318559064327,18.5533514912281,15.8136832748538,14.2478952339181,13.2098900877193,5.04356292982456,4.63896401461988,10.9597045906433,3.86240121052632,3.57095259356725,10.3226487426901,3.50953645614035,3.52366461988304,10.1226281461988,3.33850135087719,3.52192948538012,10.0738098421053,3.23848850877193,3.53094061988304
"E05001280","Tividale","Sandwell",26.2258418819188,21.0339857564576,17.4539757933579,14.7492918081181,13.3027079335793,13.0887422509225,5.05936995202952,4.68414990774908,11.6663335424354,3.8622124797048,3.62133173062731,11.0347420811808,3.5094365498155,3.57404377490775,10.8125457933579,3.33844622140221,3.57230846494465,10.7521392656827,3.23842921771218,3.58131977490775
"E05001281","Wednesbury North","Sandwell",30.0525948484848,24.4510055371901,20.2458133333333,17.1560700275482,15.5592032506887,14.128200661157,5.04269687878788,4.91634363636364,12.1134037741047,3.87068749311295,3.89438771900826,11.4509269146006,3.51676745179063,3.84708223415978,11.2387659779614,3.34521114049587,3.84534685674931,11.1919014325069,3.24501275206612,3.85436147933884
"E05001282","Wednesbury South","Sandwell",30.0149806060606,24.4945131919192,20.7791387070707,18.1293994747475,16.735261010101,14.1693858787879,5.050656,4.72094805252525,11.9008366060606,3.867632,3.69767511515152,11.2487788282828,3.514129,3.65038711515152,11.0467702020202,3.342781,3.64865196565657,10.9984769090909,3.242635,3.65766321212121
"E05001283","West Bromwich Central","Sandwell",31.324081447178,25.8397572214182,21.1348343560058,17.6099956729378,15.7296230824891,14.4015166714906,5.15887858755427,5.1571983617945,11.8643011432706,3.95651623878437,4.10965632561505,11.1475548769899,3.59558109696093,4.05938283936324,10.9264712590449,3.42025625470333,4.05761620115774,10.8787473082489,3.32051516208394,4.06720539073806
"E05001321","Bilston East","Wolverhampton",27.0109706458797,21.248758285078,17.6693782182628,14.961780311804,13.4895114476615,13.4570471492205,5.02375443429844,4.64447206013363,10.6914773719376,3.85551659465479,3.61554538975501,10.0745370534521,3.50343004231626,3.56825748552339,9.88352177282851,3.33277499109131,3.56652216035635,9.83796777505568,3.23294634966592,3.5755336325167
"E05001322","Bilston North","Wolverhampton",26.2088539163498,20.4869833460076,16.9721607984791,14.3023944106464,12.8876682889734,13.0858084410646,5.00018882509506,4.61263471102662,10.3193847908745,3.83881147528517,3.57346935361217,9.72279651711027,3.48875122813688,3.52618135361217,9.53483696958175,3.31908966539924,3.52444635361217,9.48669201901141,3.21968772243346,3.53345740684411
"E05001323","Blakenhall","Wolverhampton",22.0288662058824,17.8898295588235,15.0106209117647,12.6195520382353,11.3280315529412,12.1542189117647,4.961196,4.54242996176471,10.3120235441176,3.808263,3.54301949705882,9.74861418823529,3.461931,3.49573149705882,9.5537712,3.294098,3.49399649705882,9.50025422058824,3.195473,3.50300749705882
"E05001324","Bushbury North","Wolverhampton",23.2251454101996,18.3290589578714,15.5710494678492,13.3695680931264,12.1188245011086,12.2479916851441,4.903085,4.6332054789357,9.64975572949002,3.755019,3.60875214190687,9.04648714634146,3.406175,3.55870986696231,8.86210967405765,3.236436,3.55723986696231,8.81238485365854,3.139355,3.56707014190687
"E05001325","Bushbury South and Low Hill","Wolverhampton",24.4390821804511,19.8644379949875,16.7844725313283,14.420561679198,13.0859996741855,12.4011111528822,4.90847373934837,4.60091575438596,10.0631493308271,3.75995641353383,3.56294474937343,9.45049848370927,3.41134535588972,3.51315813283208,9.26489998746867,3.24178310275689,3.5116633358396,9.21620822055138,3.14455892481203,3.52141790726817
"E05001326","East Park","Wolverhampton",28.6869964829396,22.6665413648294,18.9666351181102,16.3796458792651,15.0012647506562,13.6607882414698,4.96474311023622,4.66362348031496,10.8512044356955,3.81104194225722,3.66636658005249,10.195160343832,3.46437079002625,3.61907858005249,10.0089332388451,3.2963714488189,3.61734354593176,9.96233328346457,3.19767577165354,3.62635474278215
"E05001327","Ettingshall","Wolverhampton",25.9464055530973,21.0657791150442,17.7501839823009,15.1823882522124,13.750817300885,12.964957300885,4.961196,4.59984341814159,10.6705680088496,3.808263,3.60841499778761,10.0435693716814,3.461931,3.56112716150442,9.86019142920354,3.294098,3.55939180530973,9.8192709159292,3.195473,3.56840321681416
"E05001328","Fallings Park","Wolverhampton",22.2835890459364,17.6075725795053,14.723987844523,12.3934592226148,11.13086795053,12.0831358657244,4.903085,4.59432577031802,9.57068740282685,3.755019,3.48156617314488,9.00615636042403,3.406175,3.43152383038869,8.8095671024735,3.236436,3.43005373144876,8.74980691166078,3.139355,3.439884204947
"E05001329","Graiseley","Wolverhampton",21.7196559555556,17.8256404888889,14.8858726666667,12.3868006666667,11.06679476,11.9346754666667,4.93412485333333,4.50594015111111,10.3003397244444,3.78748703111111,3.45357615111111,9.72975105777778,3.44368952888889,3.40628816444444,9.52325884444445,3.27709879555556,3.40455315111111,9.46409950666667,3.17900252888889,3.41356443111111
"E05001330","Heath Town","Wolverhampton",27.5077041471572,22.4186916053512,18.9552455518395,16.4105032441472,15.0494627759197,13.2861123745819,4.93903996655518,4.62970727090301,10.9491003645485,3.78796261204013,3.59657145819398,10.2853625986622,3.44067285953177,3.54823333779264,10.0852828862876,3.27211315719064,3.54659933110368,10.0358930568562,3.17407683946488,3.55592282274247
"E05001331","Merry Hill","Wolverhampton",16.848812195122,13.1173641504065,10.944278402439,9.13570541056911,8.17537657723577,10.9240792276423,4.882092,4.35278700406504,8.7734622398374,3.747554,3.33403766260163,8.29357024390244,3.408628,3.28674966260163,8.10894569512195,3.244425,3.28501466260163,8.04123504065041,3.147345,3.2940265
"E05001332","Oxley","Wolverhampton",19.6756995039164,15.0953578328982,12.8783004177546,11.2395632114883,10.3578544751958,11.4495843342037,4.87681649086162,4.40805816449086,9.00726468146214,3.73387950391645,3.35399683550914,8.48802048825065,3.38761516710183,3.30395452480418,8.30843346736292,3.21914090600522,3.30248448563969,8.24941207049608,3.12259746214099,3.31231504699739
"E05001333","Park","Wolverhampton",20.3755220597015,16.3765656119403,13.7342862089552,11.4978915462687,10.3212759164179,11.6063142985075,4.90295502089552,4.45246666865672,9.73212600597015,3.76315160298507,3.40362374328358,9.19165545373134,3.42200025970149,3.35623733731343,8.99124531940299,3.2566823880597,3.35451154925373,8.9277215761194,3.1592121641791,3.36355223880597
"E05001334","Penn","Wolverhampton",17.8054681553398,14.1070921359223,11.7688357928803,9.82011151779935,8.77940527508091,11.1686626537217,4.906412,4.40368752427185,9.06251140453074,3.76621857928803,3.37273505825243,8.56794655016181,3.42501565372168,3.32544705825243,8.38170707119741,3.25969663430421,3.32371205825243,8.31669740776699,3.16214163430421,3.33272335598706
"E05001335","St Peter's","Wolverhampton",25.7554408333333,21.2151752160494,18.0635776234568,15.5990610802469,14.2804415740741,12.8081169753086,4.92990328703704,4.56696170987654,10.6942526512346,3.78002059259259,3.56802939506173,10.0057646975309,3.43288059259259,3.51944080864198,9.79779283641975,3.2643329691358,3.51783094753086,9.75191409259259,3.16651589506173,3.52722892592593
"E05001336","Spring Vale","Wolverhampton",22.9187314552239,18.0890647014925,15.1190060447761,12.6667513544776,11.3204957014925,12.2109954850746,4.96520672761194,4.51248040671642,10.2657414067164,3.80814079850746,3.43158302985075,9.70276863059702,3.46185777238806,3.38429512686567,9.50650591791045,3.2940490261194,3.3825600261194,9.45190522761194,3.19542262686567,3.39157112686567
"E05001337","Tettenhall Regis","Wolverhampton",17.2005211210762,13.1093004439462,11.0223600762332,9.37800269058296,8.50491057399103,10.9211016591928,4.83466518834081,4.36399438116592,8.66778195964126,3.70107887443946,3.33846137668161,8.17878168609865,3.35988755829596,3.2887464573991,7.99651195067265,3.19398049327354,3.2872449573991,7.93087764349776,3.09824869730942,3.29697782959641
"E05001338","Tettenhall Wightwick","Wolverhampton",16.4106015581395,12.7069639348837,10.6672293,8.97963718604651,8.08826726976744,10.8822998837209,4.8797060372093,4.36568256511628,8.70678992790698,3.7452392,3.41710914418605,8.23618444883721,3.4062186372093,3.36970586511628,8.05473594883721,3.24194108372093,3.36798195116279,7.98580052325581,3.14492785116279,3.37702725813954
"E05001339","Wednesfield North","Wolverhampton",22.5953130530973,17.6126363716814,14.654645840708,12.2842574778761,11.007821460177,12.3075965486726,4.96997401769911,4.65535534955752,9.74599442477876,3.81029898230089,3.6012517920354,9.17974078761062,3.45470510619469,3.55120965929204,8.97890959292035,3.28165692477876,3.54973931858407,8.91764415929204,3.1831702699115,3.5595697920354
"E05001340","Wednesfield South","Wolverhampton",25.2747925681818,19.8179744090909,16.5997892954545,14.2288650454545,12.968702,12.8781349772727,4.96442514318182,4.59585461136364,10.2211494090909,3.80758424772727,3.592708125,9.61988920454545,3.45605038181818,3.54380502727273,9.42212858181818,3.28527150909091,3.54222538409091,9.36412765909091,3.18677521818182,3.55171743181818
"E05006902","Brereton and Ravenhill","Cannock Chase",15.0818267552182,11.7622290018975,9.84935695825427,8.46635678368122,7.7273299658444,10.9094659013283,5.10138054648956,4.35122775711575,8.64857470967742,3.93283882732448,3.28884510626186,8.12829490322581,3.56140012903226,3.23681268311195,7.92689784629981,3.3785235426945,3.23550690891841,7.84606788425047,3.27372810626186,3.24593792220114
"E05006903","Cannock East","Cannock Chase",18.7485484577114,15.3892982089552,12.8851542288557,10.9286046517413,9.83054416915423,11.6569021393035,4.96227485572139,4.52535854726368,9.10104689054726,3.80267623383085,3.4048897761194,8.5382596119403,3.44253372636816,3.35484762189055,8.32703784577114,3.2648925920398,3.35337739303483,8.2555895721393,3.16647464179104,3.36320795522388
"E05006904","Cannock North","Cannock Chase",16.1451122972973,12.4908648648649,10.4449241891892,8.81986735810811,7.92421274324324,11.105657027027,4.962082,4.46704202702703,8.81472025675676,3.802451,3.37223496621622,8.29138143918919,3.442335,3.32219237162162,8.08152797972973,3.264707,3.32072237162162,8.00485343918919,3.166295,3.33055296621622
"E05006905","Cannock South","Cannock Chase",22.548363768997,18.5697372948328,15.6530845896657,13.338326899696,12.0372447902736,13.0672419756839,4.97133116109422,4.83073275379939,10.2141877933131,3.81325298176292,3.73893742553191,9.65743803951368,3.4518657112462,3.6888954224924,9.48286582978723,3.27360780243161,3.68742512765957,9.450622443769,3.17491043465046,3.69725542553191
"E05006906","Cannock West","Cannock Chase",18.6107597177419,14.5970283870968,12.2456638306452,10.3473391330645,9.28845352419355,11.6056081854839,4.9633324516129,4.55016387903226,9.08135456048387,3.80391138709677,3.44774012096774,8.54356969354839,3.44362351612903,3.3976975483871,8.34323969758065,3.26591035483871,3.39622721774194,8.27644199193548,3.16745977419355,3.40605812096774
"E05006907","Etching Hill and The Heath","Cannock Chase",12.5106080654762,9.61481783988095,8.00769176547619,6.84753029226191,6.19247532916667,10.3219710232143,5.05023950297619,4.24823432142857,8.05023223214286,3.88174369702381,3.12933218809524,7.57136144345238,3.51595761666667,3.07757930238095,7.37801291309524,3.33583546071429,3.07625045297619,7.29233571011905,3.23277079523809,3.08659732857143
"E05006908","Hagley","Cannock Chase",14.803634972973,11.9405610324324,9.84199301081081,8.39508637297297,7.63315024324324,10.9518292432432,5.064513,4.39418574594595,8.67223013513514,3.894949,3.34170884864865,8.15281240540541,3.528205,3.28967655135135,7.94952275675676,3.34766,3.28837055675676,7.86649254054054,3.243829,3.29880184864865
"E05006909","Hawks Green","Cannock Chase",19.5389088439306,16.2626304624277,13.7600752023121,11.7497391156069,10.611915300578,11.9019993641618,5.02104246242775,4.55159667630058,9.34231247976879,3.85895850867052,3.45753206936416,8.76757897687861,3.49436760115607,3.40646579768786,8.55395367630058,3.31471073988439,3.40508052601156,8.48089457803468,3.21327644508671,3.41522023121387
"E05006910","Heath Hayes East and Wimblebury","Cannock Chase",17.1664055660377,13.4778725471698,11.3462888207547,9.66658404716981,8.73646425471698,11.5213932075472,5.07714335849057,4.51703113207547,9.13142068867925,3.91228471698113,3.48582326886792,8.59461391509434,3.54347371698113,3.43379116037736,8.38654223113208,3.36190403773585,3.43248524056604,8.30770013679245,3.257617,3.44291626415094
"E05006911","Hednesford Green Heath","Cannock Chase",14.2345526359833,10.907590376569,9.11684420083682,7.75277112970711,6.9908490167364,10.7548667782427,4.96204076569038,4.4635470460251,8.58666976150628,3.80237910460251,3.49956117154812,8.09214772803347,3.44227174895398,3.4495190125523,7.89148030543933,3.2646480292887,3.44804885774059,7.8119759916318,3.16623790376569,3.45787917573222
"E05006912","Hednesford North","Cannock Chase",13.8388853235294,10.7637065705882,8.92812079117647,7.61713406862745,6.87849165686274,10.6242694019608,5.03625632058823,4.32555977941176,8.2582140245098,3.87202418627451,3.19647376568627,7.76280681764706,3.50657557941176,3.14509108431373,7.56525620490196,3.32655194411765,3.14373152352941,7.48142344019608,3.2242986627451,3.15396678921569
"E05006913","Hednesford South","Cannock Chase",16.7078295571956,13.3015211439114,11.1078098450185,9.43584356088561,8.50108062730627,11.3236739483395,5.05637153505535,4.46165547601476,8.83208446494465,3.89260832103321,3.34991903321033,8.29518701845018,3.5254079298893,3.29821700738007,8.08673908856088,3.34457506642066,3.29688392250923,8.00613014760148,3.24130198154982,3.3072154501845
"E05006914","Norton Canes","Cannock Chase",19.5067960368664,15.4502257340356,12.9544099736669,10.8816066477946,9.72577849703752,11.9383201579987,5.06952689861751,4.67664769190257,9.59305890849243,3.90449914351547,3.63649482093483,9.07106980250165,3.53612202962475,3.58474927781435,8.86846880974325,3.35476651152074,3.58341973271889,8.79266410269914,3.25111506649111,3.59376443383805
"E05006915","Rawnsley","Cannock Chase",14.9830670905172,11.562163125,9.76341096982759,8.40950925969828,7.64732889008621,11.0280876724138,5.07844864224138,4.42402269827586,8.76766234590517,3.91374737068965,3.43146442564655,8.25281056357759,3.54474358189655,3.37943213146552,8.04983507327586,3.36307765086207,3.37812615732759,7.96608114224138,3.25875522844828,3.38855731896552
"E05006916","Western Springs","Cannock Chase",18.4896332038835,14.3158316990291,12.0811823737864,10.4778948543689,9.65846105825243,11.6226740291262,5.06633105825243,4.3893697815534,10.5867768106796,3.89679725242718,3.28684324757282,10.0390407912621,3.52982395631068,3.23481097087379,9.8374318592233,3.34916507281553,3.23350499514563,9.76640968932039,3.24528708252427,3.24393624757282
"E05006988","Bilbrook","South Staffordshire",17.7690025464684,13.4973158550186,11.3527896245353,9.71351584386617,8.83240876765799,11.2416943866171,4.84446120260223,4.61845089405205,9.19707413754647,3.70760628624535,3.77111435501859,8.68838319330855,3.36412994052045,3.72107226394052,8.50423194423792,3.19684031226766,3.71960184944238,8.4372844795539,3.10095433457249,3.72943248698885
"E05006989","Brewood and Coven","South Staffordshire",15.4478069887359,11.7626286600751,9.94878231138924,8.49551881101377,7.68496509236546,10.8640437371715,4.84074624881101,4.5618452563204,8.94467866132666,3.70171506858573,3.78389288861076,8.45304587434293,3.35434895569462,3.73385069762203,8.26335679048811,3.18319615869837,3.73238055469337,8.18831596295369,3.08721464806008,3.74221104230288
"E05006990","Cheslyn Hay North and Saredon","South Staffordshire",22.4599706500445,17.5788522707035,14.3903515048976,11.8215220186999,10.4226126393589,12.7475251202137,4.95272397951914,5.02779148530721,10.3589839608192,3.79729102404274,4.09213774710597,9.78026093054319,3.43789842386465,4.04209550311665,9.57633141763134,3.26063742564559,4.04062529029386,9.5181400667854,3.16234619946572,4.05045602137133
"E05006991","Cheslyn Hay South","South Staffordshire",20.8557317142857,16.3643244761905,13.4751472380952,11.2816733333333,10.107325552381,12.8238479047619,4.971773,4.68395135238095,10.7432320952381,3.813769,3.62116534285714,10.1784312666667,3.452321,3.57112331428571,9.97645840952381,3.274033,3.56965320952381,9.92573611428571,3.175322,3.57948392380952
"E05006992","Codsall North","South Staffordshire",12.9792387726358,9.41987174647887,7.72950022334004,6.47590426760563,5.78194457142857,10.2267145513078,4.80265340040241,4.3989176861167,8.40651641448692,3.67431256338028,3.57244681488934,7.94769536016097,3.3312684668008,3.52240480684105,7.76387293158954,3.16346616096579,3.52093441448692,7.68359117706237,3.06676187323944,3.53076490744467
"E05006993","Codsall South","South Staffordshire",13.1725818979058,9.54166559162304,7.88911495549738,6.68351102617801,6.01499486518325,10.2601711884817,4.80771321989529,4.38557693324607,8.40027579450262,3.67859010471204,3.56736964005236,7.94105439267016,3.33592892146597,3.51732754188482,7.75954264659686,3.168575,3.51585735732984,7.68111519502618,3.07208839267016,3.52568777879581
"E05006994","Essington","South Staffordshire",22.7049993810179,17.5971646217331,14.3932876134801,11.8940458555708,10.5495187709766,12.523004002751,4.97263172489684,4.88680860866575,9.9989584951857,3.81346042090784,3.87114511141678,9.4153609002751,3.45734364511692,3.82094964511692,9.21229178748281,3.28384606877579,3.81949209491059,9.14895115955984,3.1850291568088,3.82936891609353
"E05006995","Featherstone and Shareshill","South Staffordshire",21.7008029884032,16.9059514451383,14.0104983407672,11.6886790214095,10.4064960713649,12.2927644335415,4.91742100178412,4.89470459678858,10.0068578545941,3.76672856824264,3.94420484924175,9.41558730865299,3.41268859678858,3.89416268688671,9.214589426405,3.23875952631579,3.89269265834077,9.15160145405888,3.14128571810883,3.90252317484389
"E05006996","Great Wyrley Landywood","South Staffordshire",19.8052642071197,15.6086444660194,12.834250420712,10.8139640582524,9.72932670226537,12.1972265048544,4.98136178317152,4.62954615533981,10.1768175598706,3.82268237216828,3.59995398381877,9.61667979935275,3.46054246925566,3.54974428802589,9.41207805501618,3.28194263754045,3.54828793203884,9.34854000970874,3.18274579935275,3.55816922653722
"E05006997","Great Wyrley Town","South Staffordshire",21.0158050806452,16.9682560483871,14.0190751209677,11.6804866532258,10.4199200080645,12.4107334274194,4.97728714516129,4.78560990725806,10.6035429677419,3.81889474193548,3.71639194354839,10.0156076451613,3.45704885483871,3.66625299193548,9.79857666532258,3.27858153225806,3.66479068951613,9.73411972983871,3.17959114516129,3.67465066935484
"E05006998","Himley and Swindon","South Staffordshire",14.7194872528123,11.1023199325044,9.35987899407934,8.03328631497928,7.30051200473653,10.953967982238,4.88851997750148,4.39905784783896,9.06085557252812,3.7480824446418,3.63602362403789,8.60503829603316,3.4073392196566,3.588735669627,8.43119238780343,3.24186959147425,3.58700053700414,8.36279662581409,3.14398031557134,3.5960119490823
"E05006999","Huntington and Hatherton","South Staffordshire",16.8785788440492,13.0631545964432,10.9172270909713,9.23049096443228,8.28586274555404,11.3412688098495,4.9474127250342,4.68171157660739,9.14283365458276,3.79052300889193,3.78608356497948,8.6264714254446,3.43190554856361,3.7360413878249,8.42688380779754,3.25502216415869,3.73457122229822,8.35085324760602,3.15691042886457,3.74440163474692
"E05007000","Kinver","South Staffordshire",12.5539446769743,9.40504106898192,7.94888031803045,6.82102793339676,6.20030701236917,10.3161382959087,4.86891785442436,4.31610898287345,8.65276831660323,3.72481655423406,3.54968410727878,8.20845575880114,3.38331644100856,3.50239612036156,8.02580761726927,3.21671224690771,3.5006609878687,7.94492397145576,3.11782334776403,3.50967228282588
"E05007001","Pattingham and Patshull","South Staffordshire",10.1984708301026,7.17082550399088,5.98744853762828,5.12064331014823,4.62996662884835,10.0916486294185,4.75639557639681,4.46539216704675,8.57552583466363,3.64455151767389,3.99120617160775,8.14794568244014,3.29919307867731,3.94348512713797,7.96697223261117,3.12857461516534,3.94174261915621,7.87984292474344,3.02829009692132,3.95083879532497
"E05007002","Penkridge North East and Acton Trussell","South Staffordshire",15.5695091378446,11.7398297684211,9.65507694360902,7.98625085639098,7.05632878045113,10.9156348097744,4.90261458822055,4.73544270325814,9.05746436441103,3.74127377869674,3.99253588721804,8.55762692756892,3.38879552656642,3.94251522681704,8.36381162506266,3.21496521428571,3.94105489298246,8.2857124887218,3.11822526365915,3.95089341679198
"E05007003","Penkridge South East","South Staffordshire",18.5924935605007,14.4986763588317,12.1900013706537,10.2909402044506,9.20171573852573,11.4773413143255,4.88988776286509,4.84565386856745,9.34660828025035,3.73843023713491,3.98783681432545,8.80614763212795,3.38625658831711,3.93779464742698,8.6082913449235,3.21257248122392,3.93632450278164,8.53360708970793,3.11578742350487,3.94615505771905
"E05007004","Penkridge West","South Staffordshire",12.1727322116904,8.77123502685624,7.34482643707214,6.26446293733544,5.63847144444444,10.2249552290679,4.84618909426014,4.46879000684571,8.50176557661927,3.69509247446024,3.78765081885203,8.04157844918378,3.34825135229068,3.73760880200105,7.85865836703528,3.17721468141127,3.73613856029489,7.77884374828857,3.08153764507636,3.7459691490258
"E05007005","Perton Dippons","South Staffordshire",11.4580206812169,8.23502723809524,6.88406185780423,5.86056274404762,5.28296935912698,10.1980031574074,4.80377683267196,4.44536847420635,8.44281960185185,3.68056346825397,3.8253341792328,8.00467355820106,3.33642042724868,3.77646704034392,7.82481720436508,3.16758175793651,3.77488358862434,7.74164386640212,3.06878526587302,3.78436479497354
"E05007006","Perton East","South Staffordshire",14.9037187931034,11.2046559827586,9.38222665517241,7.90592594827586,7.11634875862069,10.6393953448276,4.87619565517241,4.36615851724138,8.51237322413793,3.74183351724138,3.43121862068966,8.04610055172414,3.40267382758621,3.38364572413793,7.86308956896552,3.2382865862069,3.38193812068966,7.79020967241379,3.1413715862069,3.39103386206897
"E05007007","Perton Lakeside","South Staffordshire",13.1598638983051,9.69122938135593,8.11844555932204,6.88851940677966,6.218866,10.4154142372881,4.86953311864407,4.38700944067797,8.4394885338983,3.73536969491525,3.56235648305085,7.98428128813559,3.39594594915254,3.51446179661017,7.80189957627119,3.23135052542373,3.51278483898305,7.72435221186441,3.1346219661017,3.52197677118644
"E05007008","Trysull and Seisdon","South Staffordshire",10.4984590751174,7.4907669096803,6.29015550324167,5.39075382316119,4.88476468768165,10.0306762810195,4.81243183836351,4.36333215761234,8.53118115761234,3.6921499539459,3.74747201006036,8.10380537804605,3.34651291258663,3.70029232819137,7.92302419114688,3.17630886586184,3.69854699955287,7.83576957791192,3.07495227632461,3.70752627543036
"E05007009","Wheaton Aston, Bishopswood and Lapley","South Staffordshire",11.110186103214,7.85871701043738,6.52617506510934,5.55955982952286,5.01851396736249,10.1066384012591,4.7506974963552,4.44428762939032,8.39885065059642,3.61734189314115,3.83171586944997,7.9591692324387,3.27365243273691,3.78203633167661,7.77654783068257,3.10283252932406,3.78049133465871,7.69395106858847,3.0062132463552,3.79017820526839
"E05007010","Wombourne North and Lower Penn","South Staffordshire",13.6763997183099,10.2342971797451,8.64550913279678,7.40127843997317,6.71431127699531,10.6051197518444,4.88620888262911,4.38229063782696,8.74043269818914,3.74916813078471,3.62386299865862,8.29770078537894,3.4094250945674,3.57657499865862,8.12173219986586,3.24468884507042,3.57483994500335,8.04624034540577,3.14728542521797,3.58385121529175
"E05007011","Wombourne South East","South Staffordshire",14.9360568510638,11.3862106808511,9.5952475106383,8.15119321702128,7.36517988510638,10.8247446382979,4.889359,4.38925501276596,9.16932196595745,3.749571,3.52275397021277,8.70370410212766,3.410469,3.47546607234043,8.5187906212766,3.246182,3.47373098723404,8.44537708510638,3.149041,3.48274223829787
"E05007012","Wombourne South West","South Staffordshire",14.5991421182266,10.9168116650246,9.34052819211823,8.1522935320197,7.50433476847291,10.7032779310345,4.889359,4.32064033004926,9.08236319704434,3.749571,3.48070492118227,8.62675793596059,3.410469,3.43341693103448,8.44709767980296,3.246182,3.43168193103448,8.37436665517241,3.149041,3.44069327586207
"E05007066","Amington","Tamworth",17.4697824411135,13.3702278800857,11.225424869379,9.6682856509636,8.78592091648822,11.6133375374732,5.40750079443255,4.60264355888651,9.46033397430407,4.21178332976445,3.6328456359743,8.91676707280514,3.81270097858672,3.57851041327623,8.70580319057816,3.61819760171306,3.5769906124197,8.62353236830835,3.50911835331906,3.58743404496788
"E05007067","Belgrave","Tamworth",20.4521720418848,16.802074973822,13.9634791623037,11.8654732984293,10.6735988795812,12.2752883246073,5.409915,4.75768708376963,9.73334639267016,4.209473,3.67535360209424,9.13952069633508,3.811544,3.6210182408377,8.92543179057592,3.618053,3.61949855497382,8.85156239790576,3.509382,3.62994220418848
"E05007068","Bolehall","Tamworth",19.4475384810127,16.1601808227848,13.4663593037975,11.5391698734177,10.4397057594937,11.8820884177215,5.409915,4.61518941139241,9.47992487974684,4.209473,3.55727388607595,8.88337397468355,3.811544,3.5029385,8.66027382278481,3.618053,3.50141888607595,8.57694462658228,3.509382,3.51186191772152
"E05007069","Castle","Tamworth",18.783208126195,14.7327593881453,12.332331376673,10.4407983671128,9.37167213957935,11.9124287189293,5.37183626386233,4.65651603824092,9.41366394455067,4.17358903059273,3.70331058891013,8.85724011281071,3.77878539388145,3.65001874378585,8.64973523900574,3.58685624091778,3.64859600191205,8.57297277437859,3.47854419694073,3.65903380305927
"E05007070","Glascote","Tamworth",19.2984681578947,15.2270775657895,12.6667301973684,10.6789375,9.57311057236842,12.0640586842105,5.409915,4.71112490789474,9.66590853289474,4.209473,3.60789634210526,9.09817792105263,3.811544,3.55356053289474,8.88325520394737,3.618053,3.55204105921053,8.80884300657895,3.509382,3.56248434868421
"E05007071","Mercian","Tamworth",18.6683507751938,13.6257549224806,11.4744706899225,9.92820608527132,9.02271579457364,11.9102764728682,5.33680725193798,4.52302793410853,9.22048888372093,4.15406666666667,3.55332118992248,8.66555705813954,3.75768139922481,3.50076202325581,8.46639004651163,3.56341347674419,3.49940768217054,8.39498099612403,3.45396718992248,3.50984145736434
"E05007072","Spital","Tamworth",16.0668058663883,12.3717752818372,10.2896970187891,8.84060501461378,8.00067919415449,11.3578592693111,5.39808524217119,4.61970405427975,9.27403053235908,4.22079375991649,3.79448878496869,8.72564096242171,3.81721326722338,3.74015355949896,8.51027818580376,3.61876155741127,3.73863383716075,8.41956639248434,3.50809011482255,3.74907733611691
"E05007073","Stonydelph","Tamworth",20.7815731840796,16.1823069154229,13.2462247761194,10.8002039104478,9.45240527860697,12.6059500995025,5.409915,5.11884469154229,10.0108491741294,4.209473,4.11467634825871,9.41358694527363,3.811544,4.06034061691542,9.19562014427861,3.618053,4.05882134825871,9.1235504079602,3.509382,4.06926437810945
"E05007074","Trinity","Tamworth",19.1181693877551,16.1197528571429,13.4136150680272,11.6533466394558,10.6285526428571,12.1678382653061,5.43628843537415,4.64819742176871,9.78438729251701,4.22287317006803,3.67083315986395,9.21711264965986,3.82377008843537,3.61692228571429,9.02159842857143,3.62951357823129,3.61549655102041,8.95198681972789,3.51956186394558,3.62602812244898
"E05007075","Wilnecote","Tamworth",20.4263771934605,16.2367027520436,13.4193526158038,11.2752061580381,10.0628469564033,12.8797184196185,5.4227835640327,4.87606797275204,10.3261160790191,4.21601143324251,3.87534910899183,9.75828470572207,3.81750955585831,3.82122064850136,9.56854713351499,3.62364503542234,3.81974709809264,9.51626102724796,3.5143491280654,3.830233373297
"E05007457","Arley and Whitacre","North Warwickshire",16.1408694850746,11.921459641791,9.78403693022388,8.30394683731343,7.44181914141791,11.382078119403,5.57638892798507,4.56508273097015,9.18381763059701,4.27664406679104,3.71079006529851,8.64386513544776,3.87191421977612,3.65758975186567,8.42485440932836,3.67460464664179,3.65632041791045,8.32586322462686,3.56171438246269,3.66699991044776
"E05007458","Atherstone Central","North Warwickshire",17.9826151851852,13.0544386111111,11.0084298148148,9.49473575,8.66738556481481,11.7486411111111,5.622684,4.44013175,9.14069084259259,4.365023,3.36254763888889,8.55717500925926,3.949367,3.30934763888889,8.33221474074074,3.746705,3.30807863888889,8.2445997962963,3.631646,3.31875763888889
"E05007459","Atherstone North","North Warwickshire",19.3539072307692,13.5708418076923,11.3553273115385,9.66574507692308,8.74088823076923,12.2079360769231,5.62080118846154,4.58311528846154,9.37399118076923,4.36346189230769,3.57061244615385,8.78844381538462,3.94799607692308,3.51741201153846,8.56852023076923,3.74542696153846,3.51614291923077,8.48462597692308,3.63040659615385,3.52682201153846
"E05007460","Atherstone South and Mancetter","North Warwickshire",15.6291815578465,11.8582057846506,10.0153641282932,8.66802538946163,7.91012461626575,11.5656173883162,5.61695871477663,4.50376268499427,9.18219746620848,4.35249340664376,3.56190634936999,8.64011290492554,3.93838770561283,3.5087063069874,8.42753822680412,3.73648524284078,3.50743704581902,8.33987721534937,3.62173345933562,3.51811632646048
"E05007461","Baddesley and Grendon","North Warwickshire",15.1797745197935,11.1881015314974,9.27459175628227,7.84776089018933,7.03379669982788,11.2772642512909,5.54720405301205,4.56301587297762,9.12911204096386,4.30197279345955,3.67852014251291,8.59255260550774,3.89383302203098,3.62515395283993,8.37597722409638,3.69491852358003,3.6238479827883,8.28123601790017,3.58178953356282,3.63449289913941
"E05007462","Coleshill North","North Warwickshire",31.0628338734568,26.6645041203704,21.5610776234568,17.3396370061728,15.0092409521605,14.2605369290123,5.42655346296296,5.40022905864198,10.8782215324074,4.14479335030864,4.36470843364198,10.1165239830247,3.75961964814815,4.31381556018519,9.87921457561728,3.57238395679012,4.31211956944444,9.82312948148148,3.4688492962963,4.32190580555556
"E05007463","Coleshill South","North Warwickshire",30.2081878381642,25.6657080917874,20.5465678864734,16.0934478381643,13.6233550942029,13.9052414130435,5.48355579347826,5.37222751086956,10.7043980157005,4.17327326086957,4.44780609903382,9.93605354227053,3.78254441666667,4.39547777415459,9.68108023188406,3.59227816666667,4.39404741425121,9.6116033115942,3.48424028623188,4.40438912439614
"E05007464","Curdworth","North Warwickshire",21.7667882108421,17.7159072316263,14.4436262819799,12.0269337756589,10.6605455121063,12.3842344011142,5.43203942125562,4.90284114848939,9.78783098628669,4.18518100299979,3.99126965931005,9.18415571073495,3.79395881251339,3.93970553139061,8.96623005571031,3.60360415577459,3.93813384229698,8.88377197728734,3.49729149667881,3.9481798052282
"E05007465","Dordon","North Warwickshire",18.9596438824885,14.3934394009217,11.7739911958525,9.65757938364055,8.47639923617512,12.0333759907834,5.48241764400922,4.90245001958525,9.63217070046083,4.26563845391705,4.01102132142857,9.04085100230415,3.86131747465438,3.95710830184332,8.81592887557604,3.6645134078341,3.95568180414747,8.72931956797235,3.55350855299539,3.96621304608295
"E05007466","Fillongley","North Warwickshire",19.9725576692264,15.6909400440842,12.5949364843572,10.2075489378555,8.87445594425484,12.1284363566553,5.56485242150171,4.85102910267349,9.55830276023891,4.22777334172355,3.97895471928328,8.95952247283845,3.82912653811149,3.92575709826507,8.73464286163254,3.63479967036405,3.92448723720137,8.64590206584186,3.5231136875711,3.93516575682594
"E05007467","Hartshill","North Warwickshire",15.7098659978308,11.8691259544469,9.97359776572668,8.52515554880694,7.70132663340564,11.4489970173536,5.6471906691974,4.5731945043384,9.20536000650759,4.35051534924078,3.69717626898048,8.65439747613883,3.93672853253796,3.64397595553145,8.43146206290672,3.73498936767896,3.64270674511931,8.33496820173536,3.62027701409978,3.65338613882863
"E05007468","Hurley and Wood End","North Warwickshire",17.8120660048544,13.9540474805825,11.4126729218447,9.60552712524272,8.55946580291262,11.7334913592233,5.50035883009709,4.75304006747573,9.38573208640777,4.25321549417476,3.86151263349515,8.82022249805825,3.85121255097087,3.80831195339806,8.60350756990291,3.65522188106796,3.80704235631068,8.51056645242718,3.54292892184466,3.81772179563107
"E05007469","Kingsbury","North Warwickshire",22.4660185329341,18.4799126347305,15.0008015568862,12.569176754491,11.1650471317365,12.6502449401198,5.480404,5.03947995808383,9.97410322155689,4.245288,4.03755555688623,9.33946132335329,3.844221,3.9843550988024,9.11513775449102,3.648684,3.98308583832335,9.02706709880239,3.53659,3.99376531437126
"E05007470","Newton Regis and Warton","North Warwickshire",14.8361735873724,11.1496296552934,9.1804855213648,7.6501977130102,6.78340322544643,11.4038278507653,5.47004035267857,4.85081341071429,9.59969461096939,4.29175726977041,4.11970886766582,9.05607755994898,3.87992938871173,4.06537357174745,8.83446196683673,3.6776635411352,4.06385389094388,8.73927834279337,3.56540674394133,4.07429729177296
"E05007471","Polesworth East","North Warwickshire",18.1068670577281,13.5089603910615,11.2346890577281,9.40668408566108,8.39065064990689,11.8718430540037,5.48145,4.82524780260708,9.59045095716946,4.277263,3.94293675791434,9.02063673743017,3.871065,3.88860125325885,8.79916314711359,3.673535,3.88708188081937,8.71262205772812,3.563187,3.89752505959032
"E05007472","Polesworth West","North Warwickshire",21.4096248717949,16.3669167948718,13.4179519871795,10.9486886025641,9.60175180448718,12.7866403846154,5.46677615384615,5.31267292948718,10.2498955160256,4.26335735897436,4.40575468910256,9.63784276602564,3.85885556410256,4.35141905128205,9.41023731089744,3.66215407692308,4.34989972435897,9.33055172115385,3.55215007692308,4.36034274679487
"E05007473","Water Orton","North Warwickshire",32.8237607539683,27.9480663492063,22.4639333730159,18.2875093650794,15.9711106349206,14.3332386111111,5.40378929761905,5.4041631031746,10.9381352777778,4.14600660714286,4.34212913888889,10.1516102579365,3.76120439285714,4.2916324484127,9.90418824603175,3.57423270634921,4.2898634484127,9.83443575793651,3.47172274206349,4.29949634920635
"E05009966","Admaston & Bratton","Telford and Wrekin",10.3548566126126,7.24862121321321,5.97764995795796,5.09375862162162,4.58732942642643,9.86112008408409,4.39886797897898,4.49074010810811,8.376649003003,3.32659427927928,4.07431467267267,7.96263446246246,3.01114704804805,4.02717167267267,7.79184508408408,2.85341927027027,4.02510331831832,7.71816559159159,2.76447624324324,4.03378567267267
"E05009967","Apley Castle","Telford and Wrekin",13.1611004098361,9.43461632786885,7.76871042213115,6.49138140573771,5.78806727868852,10.2447607540984,4.46668720491803,4.42417584016393,8.20634801639344,3.37975098360656,3.77717229508197,7.76404959836066,3.05750728688525,3.73002884016393,7.59159625,2.89634443442623,3.72796079918033,7.52478923360656,2.80593372131148,3.73664273360656
"E05009968","Arleston","Telford and Wrekin",14.5474693684211,11.8623523789474,9.62313889473684,7.67408385263158,6.61951889473684,10.3629298315789,4.469552,4.46653175789474,8.39494016842105,3.381935,3.79196561052632,7.91246245263158,3.059412,3.74482261052632,7.72644395789474,2.898108,3.74275368421053,7.6595844,2.807637,3.75143568421053
"E05009969","Brookside","Telford and Wrekin",14.2987789915966,10.7036352605042,8.78923210084034,7.45031703361345,6.70938670588235,10.2309957310924,4.51881972268908,4.25313189915966,8.38569642016807,3.43188776470588,3.27814305042017,7.9583462605042,3.10300028571429,3.23100005042017,7.78055532773109,2.93847288235294,3.22893205042017,7.71296509243697,2.84661679831933,3.23761405042017
"E05009970","Church Aston & Lilleshall","Telford and Wrekin",10.3521635251072,7.32500152939375,6.0492113089406,5.11111530955297,4.58326623423148,9.98374078934476,4.55604427770974,4.53383941334966,8.51901814176363,3.43615183190447,4.17368423821188,8.09917012002449,3.10666877311696,4.12654095866503,7.92321278383343,2.94184802939375,4.12447269320269,7.84549296968769,2.84988939620331,4.13315466809553
"E05009971","College","Telford and Wrekin",14.7765554609929,11.5235519148936,9.3636000070922,7.7925479929078,6.96476618439716,10.4251580141844,4.469552,4.25167996453901,8.00369831914893,3.381935,3.35080306382979,7.51273157446808,3.059412,3.30366006382979,7.33517045390071,2.898108,3.30159206382979,7.27412485815603,2.807637,3.31027406382979
"E05009972","Dawley & Aqueduct","Telford and Wrekin",12.4988613333333,9.37721810833333,7.64028135277778,6.30058785,5.57548038888889,9.79632991111111,4.475993,4.20880580555556,7.74307462222222,3.398973,3.26788948333333,7.30198019166667,3.074296,3.22074599166667,7.11807855555556,2.911898,3.21867799166667,7.04364753888889,2.82095,3.22735999166667
"E05009973","Donnington","Telford and Wrekin",16.7711989240506,12.8733816139241,10.7439051044304,9.31536111075949,8.57123754113924,11.4951287658228,4.518584,4.30562085443038,8.54927249367089,3.41991887341772,3.44295110126582,8.03952051265823,3.09253587341772,3.39580774050633,7.87265525632911,2.92877384810127,3.39373945253165,7.8239695886076,2.83725497468354,3.40242158227848
"E05009974","Dothill","Telford and Wrekin",13.5374552427184,9.79572476699029,8.09874565048544,6.79786255339806,6.05942548543689,10.1858093398058,4.42272511650486,4.27532512621359,7.82194627184466,3.34623587378641,3.38863513592233,7.37312679611651,3.02827826213592,3.34149212621359,7.20093567961165,2.86928140776699,3.33942390291262,7.13723930097087,2.77979583495146,3.34810590291262
"E05009975","Edgmond & Ercall Magna","Telford and Wrekin",8.87006546133891,5.91472734259414,4.92278249087866,4.21038749740586,3.79305603941423,9.63080456769875,4.42510698820084,4.49291238887029,8.26875896,3.32487453313808,4.15669953012552,7.87878470937239,3.00839995874477,4.10965119020921,7.71147073958159,2.85011381046025,4.10777899464435,7.63462195682008,2.7613421325523,4.11659865933054
"E05009976","Ercall","Telford and Wrekin",13.3645278947368,10.2865609774436,8.36415969924812,6.9434419849624,6.18919490225564,10.1716440902256,4.42067385714286,4.26401981954887,8.00993045864662,3.34467206766917,3.61132503759398,7.54745596240601,3.02691444360902,3.56418203759398,7.37782593233083,2.86801865413534,3.56211327067669,7.31599334586466,2.7785762481203,3.57079527067669
"E05009977","Hadley & Leegomery","Telford and Wrekin",15.2909956796116,11.9520926666667,9.8986828236246,8.53615497087379,7.84647607443366,10.9419252912621,4.46946832847896,4.36423699029126,8.61787664886731,3.38170695631068,3.62836491585761,8.11303562783172,3.05921293042071,3.58122179126214,7.93970689967638,2.8979235987055,3.57915370226537,7.88340413430421,2.80745896440129,3.58783556634304
"E05009978","Haygate","Telford and Wrekin",17.2747880898876,12.1501151011236,9.94600166292135,8.78086706741573,8.22976882022472,11.463836741573,4.41850070786517,4.24038043820225,8.21395376404494,3.34301533707865,3.42441583146067,7.69999595505618,3.02546958426966,3.37727276404494,7.547189,2.86668086516854,3.37520476404494,7.50687438202247,2.77728419101124,3.38388676404494
"E05009979","Horsehay & Lightmoor","Telford and Wrekin",11.4075687389381,8.41329865486726,6.92584559734513,5.76547634513274,5.12314869690266,9.67636977876106,4.475993,4.19277580088496,7.72468092477876,3.398973,3.31615952654867,7.29458662831858,3.074296,3.26901606415929,7.1129264159292,2.911898,3.26694806415929,7.0353365420354,2.82095,3.27563006415929
"E05009980","Ironbridge Gorge","Telford and Wrekin",9.97457294480519,7.37065163474026,6.08941080357143,5.21812010227273,4.74986879383117,9.41409339772727,4.48374511038961,4.14921690746753,7.58867097402597,3.41321258928571,3.26948830681818,7.16561556331169,3.08707594805195,3.22234479220779,6.98134653896104,2.92513300487013,3.22027663961039,6.89618690422078,2.83317030681818,3.22895863961039
"E05009981","Ketley & Overdale","Telford and Wrekin",15.4096290566038,12.3345639794168,10.0410807169811,8.11303204802744,7.06833591080617,10.6011660377358,4.47707931903945,4.41392391252144,8.54072789022298,3.39491475300171,3.55871413893654,8.05830156089194,3.07074655917667,3.51157079759863,7.86869735334477,2.90860775986278,3.50950279245283,7.80074297770154,2.81777453173242,3.51818479245283
"E05009982","Madeley & Sutton Hill","Telford and Wrekin",13.494309824611,10.0173261909477,8.35327543422914,7.23212730127298,6.61640777227723,10.0809432008487,4.52392873125884,4.2395142758133,8.04270468458274,3.44288334087694,3.37278342291372,7.59897126449788,3.11291304950495,3.32564019094767,7.42897262800566,2.94891462376238,3.32357207920792,7.36294937906648,2.85619334512023,3.33225407920792
"E05009983","Malinslee & Dawley Bank","Telford and Wrekin",13.2518605860806,9.99965587545788,8.1850015018315,6.71418356410256,5.92424521611722,9.92275608424908,4.47993695604396,4.21267871794872,7.76527832600733,3.40200415384615,3.27609286446886,7.31044291208791,3.07693940659341,3.22894955311355,7.12663967032967,2.91434530769231,3.22688155311355,7.05513426007326,2.82331368131868,3.23556355311355
"E05009984","Muxton","Telford and Wrekin",12.8209125583982,9.31838723248053,7.73291233926585,6.53131059844271,5.86340943715239,10.259839621802,4.54026928476085,4.31601587208009,8.04461958175751,3.43660571190211,3.56129739599555,7.60089757285873,3.10708748164627,3.51415421579533,7.42670324026696,2.94224555172414,3.51208607675195,7.35748023804227,2.85026639043382,3.52076811457175
"E05009985","Newport North & West","Telford and Wrekin",11.3550145852535,8.23054720276498,6.78513979262673,5.62000778801843,4.99176758525346,10.077886124424,4.53938102304148,4.31499076958525,8.50449314285714,3.41653388479263,3.5388997235023,8.06209113824885,3.0896080875576,3.49167494930876,7.87314465898617,2.92608744239631,3.48983333640553,7.79592564516129,2.83446633640553,3.4987573640553
"E05009986","Newport South & East","Telford and Wrekin",12.2872586175115,8.94823740552996,7.32392489400922,6.03142058986175,5.34081288479263,10.2256332903226,4.58212804608295,4.42825705529954,8.65837976958525,3.45570295852535,3.68021540092166,8.20173641474655,3.12371380645161,3.63307237788018,8.01075803686636,2.95762638248848,3.6310042718894,7.93488313824885,2.86513000460829,3.6396862718894
"E05009987","Oakengates & Ketley Bank","Telford and Wrekin",16.5644893611794,13.2580272727273,10.6691380933661,8.64772057493857,7.57062733906634,11.0312961670762,4.47681838329238,4.39770477149877,8.65314253071253,3.38924759459459,3.4903856044226,8.17132288206388,3.06579277886978,3.44324243734644,7.99582664373464,2.90401685995086,3.44117442997543,7.94295340540541,2.81334312530713,3.44985643734644
"E05009988","Park","Telford and Wrekin",14.2578289041096,10.0515483424658,8.25524220547945,7.08465678082192,6.46404763013699,10.4764228082192,4.40252364383562,4.23744524657534,7.84953147945205,3.330835,3.35162267123288,7.38735693150685,3.01484693150685,3.30447967123288,7.2222065890411,2.85684539726027,3.30241167123288,7.16486367123288,2.76778494520548,3.31109367123288
"E05009989","Priorslee","Telford and Wrekin",17.2823685037406,12.8462848802993,10.4516372119701,8.67551897256858,7.71980474563591,11.1213478802993,4.54372748877805,4.48759828927681,8.67045446633416,3.44376842892768,3.70908411720698,8.15092659850374,3.11334427930175,3.66194111720698,7.97456437406484,2.94804249127182,3.6598730798005,7.91656610473815,2.85586301496259,3.66855511720698
"E05009990","St Georges","Telford and Wrekin",15.7205700502513,12.0391716633166,9.73352807035176,7.90372225125628,6.92595915577889,10.632251959799,4.53250069849246,4.31897190452261,8.2014694321608,3.43110815577889,3.37903765829146,7.71092217085427,3.10229446733668,3.33189465829146,7.5234197839196,2.93780869346734,3.32982624623116,7.45895431155779,2.84598088944724,3.33850865829146
"E05009991","Shawbirch","Telford and Wrekin",11.7904204444444,8.56560995555555,7.03343285555556,5.85832541111111,5.19654702222222,9.91596166666667,4.399651,4.38912654444445,8.08326407777778,3.328645,3.71410502222222,7.65686974444444,3.012937,3.66696202222222,7.48503288888889,2.855077,3.66489337777778,7.41594703333333,2.766077,3.67357548888889
"E05009992","The Nedge","Telford and Wrekin",16.7231281174699,12.3997519638554,10.1070211626506,8.5882531686747,7.77493400150602,10.7605756792169,4.54398941566265,4.3968475436747,8.45979484337349,3.45123210090361,3.55001995030121,7.95798301506024,3.1198700813253,3.50287689156626,7.7849137560241,2.9540912063253,3.50080873644578,7.72621692771084,2.86170143222892,3.50949073644578
"E05009993","Woodside","Telford and Wrekin",11.2209865492958,8.48272296478873,6.95129821126761,5.82059995774648,5.21484738028169,9.66297920422535,4.48058764788732,4.18207523239437,7.60297807746479,3.41081666197183,3.21718588028169,7.17431486619718,3.08498614084507,3.1700420915493,6.99314549295775,2.92319574647887,3.1679740915493,6.91518095070423,2.83130042253521,3.1766560915493
"E05009994","Wrockwardine","Telford and Wrekin",9.64936059119621,6.87426156869325,5.67319239163048,4.80529714962495,4.30486272641137,9.59113880063166,4.38891287090407,4.37524252585867,8.04099015357284,3.32066150098697,3.84341569423608,7.63203946249507,3.00440155783656,3.79652234701934,7.46122295440189,2.84620305507304,3.7943171583103,7.38581083497829,2.75790908744572,3.80276578049743
"E05009995","Wrockwardine Wood & Trench","Telford and Wrekin",17.1103196296296,13.6848537037037,11.3351390658436,9.70664488888889,8.87813872016461,11.4563651851852,4.47397990123457,4.33476305349794,8.79178665432099,3.38536518518519,3.44236879835391,8.30236180658436,3.0624032962963,3.39522502469136,8.14593813168724,2.90087732098765,3.39315702469136,8.10813974897119,2.81031169135802,3.40183902469136
